<beans xmlns="http://www.springframework.org/schema/beans" xmlns:xsi="http://www.w3.org/2001/XMLSchema-instance"
       xmlns:util="http://www.springframework.org/schema/util"
       xsi:schemaLocation="http://www.springframework.org/schema/beans http://www.springframework.org/schema/beans/spring-beans-3.0.xsd

    http://www.springframework.org/schema/util http://www.springframework.org/schema/util/spring-util-3.0.xsd">

    <bean id="tenants"
          class="org.springframework.beans.factory.config.ListFactoryBean">
        <property name="sourceList">
            <list merge="true">
                <bean class="org.bonitasoft.engine.performance.Tenant">
                    <constructor-arg name="name" value="default" />
                    <constructor-arg name="defaultUsername" value="defaultUsername" />
                    <constructor-arg name="defaultPassword" value="defaultPassword" />
                </bean>
            </list>
        </property>
    </bean>

</beans>
