<beans xmlns="http://www.springframework.org/schema/beans"
    xmlns:xsi="http://www.w3.org/2001/XMLSchema-instance" xmlns:context="http://www.springframework.org/schema/context"
    xsi:schemaLocation="
http://www.springframework.org/schema/beans		http://www.springframework.org/schema/beans/spring-beans-3.0.xsd
http://www.springframework.org/schema/context	http://www.springframework.org/schema/context/spring-context-3.0.xsd
">

    <bean id="driverProperties"
        class="org.springframework.beans.factory.config.PropertiesFactoryBean">
        <property name="properties">
            <props>
                <prop key="user">#{dbUser}</prop>
                <prop key="password">#{dbPassword}</prop>
                <prop key="URL">#{dbUrl}</prop>
            </props>
        </property>
    </bean>
    
    <bean id="xaDataSourceClass" class="java.lang.String">
        <constructor-arg value="com.microsoft.sqlserver.jdbc.SQLServerXADataSource" />
    </bean>
    
    <bean id="driverClass" class="java.lang.String">
        <constructor-arg value="com.microsoft.sqlserver.jdbc.SQLServerDriver" />
    </bean>
    
</beans>
