<beans xmlns="http://www.springframework.org/schema/beans"
    xmlns:xsi="http://www.w3.org/2001/XMLSchema-instance" xmlns:context="http://www.springframework.org/schema/context"
    xsi:schemaLocation="
http://www.springframework.org/schema/beans		http://www.springframework.org/schema/beans/spring-beans-3.0.xsd
http://www.springframework.org/schema/context	http://www.springframework.org/schema/context/spring-context-3.0.xsd
">

    <import resource="./jdbc-sqlserver.xml" />

    <bean id="dbUser" class="java.lang.String">
        <constructor-arg value="perf"/>
    </bean>
    
    <bean id="dbPassword" class="java.lang.String">
        <constructor-arg value="perf"/>
    </bean>
    
    <bean id="dbUrl" class="java.lang.String">
        <constructor-arg>
            <value><![CDATA[jdbc:sqlserver://10.0.5.3:1433;database=perf]]></value>
        </constructor-arg>
    </bean>
    
</beans>
