<?xml version="1.0" encoding="UTF-8"?>
<beans xmlns="http://www.springframework.org/schema/beans" xmlns:xsi="http://www.w3.org/2001/XMLSchema-instance"
       xsi:schemaLocation="http://www.springframework.org/schema/beans
     http://www.springframework.org/schema/beans/spring-beans-3.0.xsd" default-lazy-init="true">

    <import resource="${engine}-tenants.cfg.xml" />

    <bean id="configuration" class="org.bonitasoft.engine.performance.load.LoadRunnerConfiguration">
        <constructor-arg name="tests" ref="tests" />
        <constructor-arg name="tenants" ref="tenants" />
        <constructor-arg name="instanceTimeout" value="${instance.timeout}" />
        <constructor-arg name="activityTimeout" value="${activity.timeout}" />
        <constructor-arg name="numberOfInstances" value="${nb.instances}" />
        <constructor-arg name="resultsFolder" value="${results.folder}" />
        <constructor-arg name="parallelInstances" value="${parallel.instances}" />
        <constructor-arg name="thinkTime" value="${think.time}" />
        <constructor-arg name="terminationWaitMinutes" value="${termination.wait.minutes}" />
        <constructor-arg name="showLiveGraphics" value="${loadrunner.show.live.graphics}" />
    </bean>

    <bean id="testRunner" class="org.bonitasoft.engine.performance.load.LoadRunner">
        <constructor-arg name="configuration" ref="configuration" />
    </bean>

</beans>
