<?xml version="1.0" encoding="UTF-8"?>

<beans xmlns="http://www.springframework.org/schema/beans"
    xmlns:xsi="http://www.w3.org/2001/XMLSchema-instance"
    xmlns:p="http://www.springframework.org/schema/p"
    xmlns:context="http://www.springframework.org/schema/context"
    xmlns:util="http://www.springframework.org/schema/util"
    xsi:schemaLocation="
    http://www.springframework.org/schema/beans http://www.springframework.org/schema/beans/spring-beans-3.0.xsd
    http://www.springframework.org/schema/context   http://www.springframework.org/schema/context/spring-context-3.0.xsd
    http://www.springframework.org/schema/util http://www.springframework.org/schema/util/spring-util-3.0.xsd
    "
    default-lazy-init="true">

    <context:property-placeholder location="file:${conf.folder}/conf.properties" order="1" ignore-unresolvable="true"/>
    
    <context:property-placeholder location="file:${conf.folder}/conf.engine.properties" order="2" ignore-unresolvable="true"/>
    
    <import resource="${engine}-engine.cfg.xml" />
    <import resource="perf-${test.runner}.cfg.xml" />
    <import resource="${engine}-tests-${test.runner}.cfg.xml" />
     
    <bean class="org.springframework.beans.factory.config.MethodInvokingFactoryBean">
        <property name="targetObject">
            <!-- System.getProperties() -->
            <bean class="org.springframework.beans.factory.config.MethodInvokingFactoryBean">
                <property name="targetClass" value="java.lang.System" />
                <property name="targetMethod" value="getProperties" />
            </bean>
        </property>
        <property name="targetMethod" value="putAll" />
        <property name="arguments">
            <!-- The new Properties -->
            <util:properties>
                <prop key="org.apache.activemq.UseDedicatedTaskRunner">${dedicated.task.runner}</prop>
            </util:properties>
        </property>
    </bean>
    
    <bean id="synchroService" class="org.bonitasoft.engine.performance.synchro.PerfSynchroService">
         <constructor-arg name="brokerURL" value="${broker.url}"/>
    </bean>
    
</beans>
