<beans xmlns="http://www.springframework.org/schema/beans"
    xmlns:xsi="http://www.w3.org/2001/XMLSchema-instance" xmlns:util="http://www.springframework.org/schema/util"
    xsi:schemaLocation="http://www.springframework.org/schema/beans
    http://www.springframework.org/schema/beans/spring-beans-3.0.xsd
    http://www.springframework.org/schema/util http://www.springframework.org/schema/util/spring-util-3.0.xsd">

    <bean id="userTransactionService" class="com.atomikos.icatch.config.UserTransactionServiceImp"
        init-method="init" destroy-method="shutdownForce">
        <constructor-arg>
            <!-- IMPORTANT: specify all Atomikos properties here -->
            <props>
                <prop key="com.atomikos.icatch.service">
                    com.atomikos.icatch.standalone.UserTransactionServiceFactory
                </prop>
            </props>
        </constructor-arg>
    </bean>

    <!-- Construct Atomikos UserTransactionManager, needed to configure Spring -->
    <bean id="AtomikosTransactionManager" class="com.atomikos.icatch.jta.UserTransactionManager"
        init-method="init" destroy-method="close" depends-on="userTransactionService">

        <!-- IMPORTANT: disable startup because the userTransactionService 
            above does this -->
        <property name="startupTransactionService" value="false" />

        <!-- when close is called, should we force transactions to terminate 
            or not? -->
        <property name="forceShutdown" value="false" />
    </bean>

    <!-- Also use Atomikos UserTransactionImp, needed to configure Spring -->
    <bean id="AtomikosUserTransaction" class="com.atomikos.icatch.jta.UserTransactionImp"
        depends-on="userTransactionService">
        <property name="transactionTimeout" value="300" />
    </bean>

    <bean id="jndiMapping"
        class="org.springframework.beans.factory.config.MapFactoryBean"
        parent="commonJndiMapping">
        <property name="sourceMap">
            <map merge="true">
                <entry key="java:comp/UserTransaction" value-ref="AtomikosUserTransaction" />
            </map>
        </property>
    </bean>

    <bean id="bonitaDataSource" class="com.atomikos.jdbc.AtomikosDataSourceBean"
        init-method="init" destroy-method="close">
        <property name="xaDataSourceClassName" ref="xaDataSourceClass" />
        <property name="uniqueResourceName" value="java:comp/env/bonitaDS" />
        <property name="minPoolSize" value="10" />
        <property name="maxPoolSize" value="10" />
        <property name="xaProperties" ref="driverProperties"/> 
    </bean>
    
    <bean id="defineSysprops" class="org.springframework.beans.factory.config.MethodInvokingFactoryBean">
        <property name="targetObject">
            <!-- System.getProperties() -->
            <bean class="org.springframework.beans.factory.config.MethodInvokingFactoryBean">
                <property name="targetClass" value="java.lang.System" />
                <property name="targetMethod" value="getProperties" />
            </bean>
        </property>
        <property name="targetMethod" value="putAll" />
        <property name="arguments">
            <!-- The new Properties -->
            <util:properties>
                <prop key="hibernate.transaction.jta_platform">org.bonitasoft.engine.persistence.Atomikos3HibernateJtaPlatform</prop>
            </util:properties>
        </property>
    </bean>
    

</beans>
