<beans xmlns="http://www.springframework.org/schema/beans" xmlns:xsi="http://www.w3.org/2001/XMLSchema-instance" xmlns:util="http://www.springframework.org/schema/util"
    xsi:schemaLocation="http://www.springframework.org/schema/beans
    http://www.springframework.org/schema/beans/spring-beans-3.0.xsd
    http://www.springframework.org/schema/util http://www.springframework.org/schema/util/spring-util-3.0.xsd">


    <bean id="btm1" class="org.springframework.util.SystemPropertyUtils" factory-method="resolvePlaceholders">
        <constructor-arg value="target/${engine.instance.name:bonita}-bt1.tlog" />
    </bean>

    <bean id="btm2" class="org.springframework.util.SystemPropertyUtils" factory-method="resolvePlaceholders">
        <constructor-arg value="target/${engine.instance.name:bonita}-bt2.tlog" />
    </bean>

    <bean id="removeBtmFiles" class="org.bonitasoft.engine.performance.FileRemover" depends-on="btm1, btm2">
        <constructor-arg>
            <util:list>
                <ref bean="btm1" />
                <ref bean="btm2" />
            </util:list>
        </constructor-arg>
    </bean>

    <!-- Bitronix Transaction Manager embedded configuration -->
    <bean id="btmConfig" factory-method="getConfiguration" class="bitronix.tm.TransactionManagerServices" depends-on="removeBtmFiles">
        <property name="serverId" value="btm-server" />
        <property name="logPart1Filename" ref="btm1" />
        <property name="logPart2Filename" ref="btm2" />
        <!-- property name="journal"><null/></property -->
        <property name="filterLogStatus" value="true" />
        <property name="debugZeroResourceTransaction" value="false" />
        <property name="warnAboutZeroResourceTransaction" value="false" />
        <property name="defaultTransactionTimeout" value="600" />
    </bean>

    <!-- create BTM transaction manager -->
    <bean id="txManager" factory-method="getTransactionManager" class="bitronix.tm.TransactionManagerServices" depends-on="btmConfig" destroy-method="shutdown" />

    <bean id="jndiMapping" class="org.springframework.beans.factory.config.MapFactoryBean" parent="commonJndiMapping">
        <property name="sourceMap">
            <map merge="true">
                <entry key="java:comp/UserTransaction" value-ref="txManager" />
            </map>
        </property>
    </bean>

    <bean id="bonitaDataSource" class="bitronix.tm.resource.jdbc.PoolingDataSource" init-method="init" destroy-method="close">
        <property name="className" ref="xaDataSourceClass" />
        <property name="uniqueName" value="java:comp/env/bonitaDS" />  <!-- Is it really useful and/or used ? -->
        <property name="maxPoolSize" value="25" />
        <!--property name="testQuery" value="ROLLBACK" /-->
        <property name="allowLocalTransactions" value="true" />  <!--For hibernate : see if we can set it to false -->
        <property name="driverProperties" ref="driverProperties">
        </property>
    </bean>


</beans>
