<beans xmlns="http://www.springframework.org/schema/beans" xmlns:xsi="http://www.w3.org/2001/XMLSchema-instance"
       xmlns:util="http://www.springframework.org/schema/util"
       xsi:schemaLocation="http://www.springframework.org/schema/beans http://www.springframework.org/schema/beans/spring-beans-3.0.xsd

    http://www.springframework.org/schema/util http://www.springframework.org/schema/util/spring-util-3.0.xsd">

    <bean class="org.springframework.beans.factory.config.MethodInvokingFactoryBean">
        <property name="targetObject">
            <!-- System.getProperties() -->
            <bean class="org.springframework.beans.factory.config.MethodInvokingFactoryBean">
                <property name="targetClass" value="java.lang.System" />
                <property name="targetMethod" value="getProperties" />
            </bean>
        </property>
        <property name="targetMethod" value="putAll" />
        <property name="arguments">
            <!-- The new Properties -->
            <util:properties>
                <prop key="bonita.home">${bonita.home}</prop>
                <prop key="broker.url">${broker.url}</prop>
                <prop key="sysprop.bonita.db.vendor">${db.vendor}</prop>
            </util:properties>
        </property>
    </bean>

    <bean id="engine" class="org.bonitasoft.engine.performance.BonitaBPM6Engine">
        <constructor-arg name="name" value="${engine.name}" />
        <constructor-arg name="cleanPlatform" value="${clean.platform}" />
        <constructor-arg name="cleanProcessInstance" value="${clean.processInstance}" />
        <constructor-arg name="serverMode" value="${server.mode}" />
        <constructor-arg name="bonitaHomeOriginal" value="${bonita.home.override.with}" />
        <constructor-arg name="overrideBonitaHome" value="${bonita.home.override}" />
        <constructor-arg name="serverCfgXml" value="${conf.folder}/bonitaBPM6-server.cfg.xml" />
    </bean>

    <bean id="tenants"
          class="org.springframework.beans.factory.config.ListFactoryBean">
        <property name="sourceList">
            <list merge="true">
                <bean class="org.bonitasoft.engine.performance.Tenant">
                    <constructor-arg name="name" value="default" />
                    <constructor-arg name="defaultUsername" value="${default.user.name}" />
                    <constructor-arg name="defaultPassword" value="${default.user.password}" />
                </bean>
            </list>
        </property>
    </bean>
</beans>
