<?xml version="1.0" encoding="UTF-8"?>

<beans xmlns="http://www.springframework.org/schema/beans"
       xmlns:xsi="http://www.w3.org/2001/XMLSchema-instance"
       xmlns:context="http://www.springframework.org/schema/context"
       xmlns:util="http://www.springframework.org/schema/util"
       xsi:schemaLocation="
    http://www.springframework.org/schema/beans http://www.springframework.org/schema/beans/spring-beans-3.0.xsd
    http://www.springframework.org/schema/context   http://www.springframework.org/schema/context/spring-context-3.0.xsd
    http://www.springframework.org/schema/util http://www.springframework.org/schema/util/spring-util-3.0.xsd
    ">
    
    <context:property-placeholder location="file:${conf.folder}/conf.engine.properties" order="1" ignore-unresolvable="true"/> 
    <context:property-placeholder location="file:${conf.folder}/conf.properties" order="2" ignore-unresolvable="true"/>
    
    <bean id="defineSysprops" class="org.springframework.beans.factory.config.MethodInvokingFactoryBean">
        <property name="targetObject">
            <!-- System.getProperties() -->
            <bean class="org.springframework.beans.factory.config.MethodInvokingFactoryBean">
                <property name="targetClass" value="java.lang.System" />
                <property name="targetMethod" value="getProperties" />
            </bean>
        </property>
        <property name="targetMethod" value="putAll" />
        <property name="arguments">
            <!-- The new Properties -->
            <util:properties>
                <prop key="db.conf">${db.conf}</prop>
                <prop key="tx.manager">${tx.manager}</prop>
            </util:properties>
        </property>
    </bean>
    
</beans>
