<beans xmlns="http://www.springframework.org/schema/beans"
	xmlns:xsi="http://www.w3.org/2001/XMLSchema-instance"
    xmlns:context="http://www.springframework.org/schema/context"
	xsi:schemaLocation="
http://www.springframework.org/schema/beans		http://www.springframework.org/schema/beans/spring-beans-3.0.xsd
http://www.springframework.org/schema/context	http://www.springframework.org/schema/context/spring-context-3.0.xsd
">


	<!-- We need 2 datasources that target the same DB : -->
	<!-- First datasource (bonitaDataSource) for the whole Bonita platform -->
	<!-- defined in tx manager file -->
    
    <!-- Second datasource (bonitaSequenceManagerDataSource) for the SequenceManager implementation in order not to be stuck when we need some new ids -->
    <bean id="bonitaSequenceManagerDataSource" class="com.jolbox.bonecp.BoneCPDataSource" destroy-method="close">
        <property name="driverClass" ref="driverClass"/>
        <property name="jdbcUrl" ref="dbUrl"/>
        <property name="username" ref="dbUser"/>
        <property name="password" ref="dbPassword"/>
        <property name="idleConnectionTestPeriodInMinutes" value="60"/>
        <property name="idleMaxAgeInMinutes" value="240"/>
        <property name="maxConnectionsPerPartition" value="2"/>
        <property name="minConnectionsPerPartition" value="1"/>
        <property name="partitionCount" value="1"/>
        <property name="acquireIncrement" value="5"/>
        <property name="statementsCacheSize" value="100"/>
        <property name="releaseHelperThreads" value="3"/>
    </bean>

<!-- The second datasource can be chosen at runtime. -->
</beans>
