<beans xmlns="http://www.springframework.org/schema/beans"
    xmlns:xsi="http://www.w3.org/2001/XMLSchema-instance" xmlns:context="http://www.springframework.org/schema/context"
    xsi:schemaLocation="
http://www.springframework.org/schema/beans		http://www.springframework.org/schema/beans/spring-beans-3.0.xsd
http://www.springframework.org/schema/context	http://www.springframework.org/schema/context/spring-context-3.0.xsd
">

    <import resource="./jdbc-postgres.xml" />
    
    <bean id="dbUser" class="java.lang.String">
        <constructor-arg value="postgres" />
    </bean>
    
    <bean id="dbPassword" class="java.lang.String">
        <constructor-arg value="postgres" />
    </bean>
    
    <bean id="dbServer" class="java.lang.String">
        <constructor-arg value="localhost" />
    </bean>
    
    <bean id="dbPort" class="java.lang.String">
        <constructor-arg value="5432" />
    </bean>
    
    <bean id="dbName" class="java.lang.String">
        <constructor-arg value="bonita6_journal" />
    </bean>
    
    <bean id="dbUrl" class="java.lang.String">
        <constructor-arg>
            <value><![CDATA[jdbc:postgresql://localhost:5432/bonita6_journal]]></value>
        </constructor-arg>
    </bean>
    
    
</beans>
