<beans xmlns="http://www.springframework.org/schema/beans"
    xmlns:xsi="http://www.w3.org/2001/XMLSchema-instance"
    xmlns:context="http://www.springframework.org/schema/context"
    xmlns:util="http://www.springframework.org/schema/util"
    xsi:schemaLocation="
http://www.springframework.org/schema/beans		http://www.springframework.org/schema/beans/spring-beans-3.0.xsd
http://www.springframework.org/schema/context	http://www.springframework.org/schema/context/spring-context-3.0.xsd
http://www.springframework.org/schema/util http://www.springframework.org/schema/util/spring-util-3.0.xsd
">

    <bean id="removeH2Files" class="org.bonitasoft.engine.performance.FileRemover">
        <constructor-arg>
            <util:list>
                <value>target/h2/perf.trace.db</value>
                <value>target/h2/perf.h2.db</value>
                <value>target/h2/perf.lock.db</value>
            </util:list>
        </constructor-arg>
    </bean>
    
    <bean id="dbUser" class="java.lang.String">
        <constructor-arg value="sa"/>
    </bean>
    
    <bean id="dbPassword" class="java.lang.String">
        <constructor-arg value=""/>
    </bean>
    
    <bean id="driverProperties" class="org.springframework.beans.factory.config.PropertiesFactoryBean" depends-on="removeH2Files">
        <property name="properties">
            <props>
                <prop key="user">#{dbUser}</prop>
                <prop key="password">#{dbPassword}</prop>
                <prop key="URL">#{dbUrl}</prop>
            </props>
        </property>
    </bean>
    
    <bean id="xaDataSourceClass" class="java.lang.String">
        <constructor-arg value="org.h2.jdbcx.JdbcDataSource" />
    </bean>
    
    <bean id="driverClass" class="java.lang.String">
        <constructor-arg value="org.h2.Driver" />
    </bean>
</beans>
