<beans xmlns="http://www.springframework.org/schema/beans"
    xmlns:xsi="http://www.w3.org/2001/XMLSchema-instance"
    xmlns:util="http://www.springframework.org/schema/util"
    xmlns:context="http://www.springframework.org/schema/context"
    xsi:schemaLocation="http://www.springframework.org/schema/beans
    http://www.springframework.org/schema/beans/spring-beans-3.0.xsd
    http://www.springframework.org/schema/util http://www.springframework.org/schema/util/spring-util-3.0.xsd
    http://www.springframework.org/schema/context   http://www.springframework.org/schema/context/spring-context-3.0.xsd
    ">

    <context:property-placeholder location="file:${conf.folder}/conf.engine.properties" order="1" ignore-unresolvable="true"/>
    
    <bean id="objectStoreDir" class="org.springframework.util.SystemPropertyUtils" factory-method="resolvePlaceholders">
        <constructor-arg value="target/${engine.instance.name:bonita}-${object.store.dir}" /> 
    </bean>

    <bean id="removeNarayanaFiles" class="org.bonitasoft.engine.performance.FileRemover" depends-on="objectStoreDir">
        <constructor-arg>
            <util:list>
                <ref bean="objectStoreDir" />
            </util:list>
        </constructor-arg>
    </bean>
    
    <bean id="defineSysprops" class="org.springframework.beans.factory.config.MethodInvokingFactoryBean">
        <property name="targetObject">
            <!-- System.getProperties() -->
            <bean class="org.springframework.beans.factory.config.MethodInvokingFactoryBean">
                <property name="targetClass" value="java.lang.System" />
                <property name="targetMethod" value="getProperties" />
            </bean>
        </property>
        <property name="targetMethod" value="putAll" />
        <property name="arguments">
            <!-- The new Properties -->
            <util:properties>
                <prop key="sysprop.bonita.hibernate.transaction.manager_lookup_class">org.hibernate.transaction.JBossTransactionManagerLookup</prop>
                <prop key="sysprop.bonita.transaction.manager">java:/TransactionManager</prop>
                <prop key="sysprop.bonita.userTransaction">UserTransaction</prop>
<!--                 <prop key="com.arjuna.ats.arjuna.coordinator.defaultTimeout">60</prop> DEFAULT IS 60-->
                <prop key="com.arjuna.ats.arjuna.objectstore.objectStoreDir">#{objectStoreDir}</prop>
                <prop key="ObjectStoreEnvironmentBean.objectStoreDir">#{objectStoreDir}</prop>
            </util:properties>
        </property>
    </bean>

    <bean id="txManager" class="com.arjuna.ats.internal.jta.transaction.arjunacore.TransactionManagerImple" depends-on="removeNarayanaFiles"/>
    
    <bean id="userTransaction" class="com.arjuna.ats.internal.jta.transaction.arjunacore.UserTransactionImple" />

    <bean id="jndiMapping" class="org.springframework.beans.factory.config.MapFactoryBean" parent="commonJndiMapping">
        <property name="sourceMap">
            <map merge="true">
                <entry key="UserTransaction" value-ref="userTransaction" />
                <entry key="java:/TransactionManager" value-ref="txManager" />
            </map>
        </property>
    </bean>
    
    <bean id="hikariConfig" class="com.zaxxer.hikari.HikariConfig">
      <property name="minimumPoolSize" value="10" />  
      <property name="maximumPoolSize" value="10" />
      <property name="poolName" value="bonitaDSPool" />
      <property name="dataSourceClassName" ref="xaDataSourceClass" />
      <property name="dataSourceProperties" ref="driverProperties" />
      
<!--       <property name="acquireIncrement" value="" /> -->
<!--       <property name="acquireRetries" value="" /> -->
<!--       <property name="acquireRetryDelay" value="xx ms" /> -->
<!--       <property name="autoCommit" value="true/false" /> -->
<!--       <property name="connectionTimeout" value="xx ms" /> -->
<!--       <property name="idleTimeout" value="xx ms" /> -->
<!--       <property name="leakDetectionThreshold" value="xx ms" /> -->
<!--       <property name="maxLifetime" value="xx ms" /> -->
<!--       <property name="transactionIsolation" value="TRANSACTION_REPEATABLE_READ..." /> -->
    </bean>
    
    <bean id="bonitaDataSource" class="com.zaxxer.hikari.HikariDataSource">  
          <constructor-arg ref="hikariConfig" />  
    </bean>
    
</beans>
