<?xml version="1.0" encoding="UTF-8"?>
<beans xmlns="http://www.springframework.org/schema/beans" xmlns:xsi="http://www.w3.org/2001/XMLSchema-instance"
       xsi:schemaLocation="http://www.springframework.org/schema/beans
     http://www.springframework.org/schema/beans/spring-beans-3.0.xsd" default-lazy-init="true">

    <import resource="${engine}-tenants.cfg.xml" />

    <bean id="configuration" class="org.bonitasoft.engine.performance.unit.UnitRunnerConfiguration">
        <constructor-arg name="tests" ref="tests" />
        <constructor-arg name="tenants" ref="tenants" />
        <constructor-arg name="instanceTimeout" value="${instance.timeout}" />
        <constructor-arg name="activityTimeout" value="${activity.timeout}" />
        <constructor-arg name="numberOfInstances" value="${nb.instances}" />
        <constructor-arg name="resultsFolder" value="${results.folder}" />
        <constructor-arg name="dbAnalysis" value="${db.analysis}" />
        <constructor-arg name="dbUrl" value="${db.url}" />
        <constructor-arg name="dbDriver" value="${db.driver}" />
        <constructor-arg name="dbUserName" value="${db.user}" />
        <constructor-arg name="dbUserPass" value="${db.pass}" />
    </bean>

    <bean id="testRunner" class="org.bonitasoft.engine.performance.unit.UnitRunner">
        <constructor-arg name="configuration" ref="configuration" />
    </bean>

</beans>
