<?xml version="1.0" encoding="UTF-8"?>
<!DOCTYPE project>
<project name="bonita-deployer-core">

	<description>Bonita deployment core tasks</description>

	<!--
		Imported modules.
	-->
	<import file="modules/databases.xml" />
	<import file="modules/appservers.xml" optional="true" />

	<taskdef resource="net/sf/antcontrib/antcontrib.properties">
		<classpath>
			<pathelement location="${basedir}/lib/ant-contrib-0.6.jar" />
		</classpath>
	</taskdef>

	<property name="h2.port" value="9091" />
	<property file="${basedir}/deployer.properties" />
	<property file="${basedir}/conf/deployer/constants.properties" />

	<property name="build.dir" value="${basedir}/build" />
	<property name="resources.dir" value="${basedir}/res" />

	<property name="common.jvm.args" value="-Xms1024m -Xmx1024m -XX:PermSize=512m -XX:MaxPermSize=512m -XX:+HeapDumpOnOutOfMemoryError" />

	<!-- BOS-SP specific -->
	<condition property="product.edition.suffix" value="Subscription" else="Community">
		<equals arg1="${deploy.sp}" arg2="true" />
	</condition>

	<!-- Artifacts -->
	<property name="deploy.dir" value="${deploy.version}-deploy" />
	<property name="deploy.dir.tmp" value="BonitaBPM${product.edition.suffix}-${deploy.version}-deploy" />
	<property name="deploy.zip" value="${deploy.dir.tmp}.zip" />

	<property name="bonita.deploy.dir" value="${build.dir}/${deploy.dir}" />
	<property name="bonita.home.tmp" value="${build.dir}/${deploy.dir}/bonita_home-${engine.version}" />
	<property name="bonita.home.current" value="${build.dir}/bonita" />

	<!--
    JDBC classpath.
    -->
	<path id="jdbc.classpath">
		<fileset dir="lib">
    	<include name="*.jar"/>
    </fileset>
	</path>

	<macrodef name="log-step">
		<attribute name="message" />
		<sequential>
			<echo>--------------------------------------------------
@{message}
--------------------------------------------------</echo>
		</sequential>
	</macrodef>

	<macrodef name="verify-md5">
		<attribute name="file" />
		<sequential>
			<echo>Verify MD5 checksum - File: @{file}</echo>
			<checksum algorithm="md5" file="@{file}" verifyProperty="md5.deploy.ok" />
			<condition property="checksum.matches.fail">
				<equals arg1="${md5.deploy.ok}" arg2="false" />
			</condition>
			<fail if="checksum.matches.fail">MD5 checksum error</fail>
		</sequential>
	</macrodef>

	<macrodef name="propertycopy">
		<attribute name="name" />
		<attribute name="from" />
		<sequential>
			<property name="@{name}" value="${@{from}}" />
		</sequential>
	</macrodef>

	<target name="clean" description="Clean up build directory">
		<log-step message="Clean up build directory" />
		<delete dir="${build.dir}" />
		<mkdir dir="${build.dir}" />
	</target>

	<target name="prepare-artifacts" description="Prepare artifacts - Download from ${deploy.zip.download.url} and extract relevant content" depends="clean">
		<log-step message="Download and extract deploy zip" />
		<get dest="${build.dir}">
			<url baseUrl="${deploy.zip.download.url}" relativePath="${deploy.zip}" />
		</get>
		<unzip dest="${build.dir}" src="${build.dir}/${deploy.zip}">
			<patternset>
				<include name="*/bonita_home*/" />
				<include name="*/Tomcat*/" />
				<include name="*/Jboss*/" />
			</patternset>
		</unzip>
		<move todir="${build.dir}/${deploy.dir}">
			<fileset dir="${build.dir}/${deploy.dir.tmp}" />
		</move>
		<delete file="${build.dir}/${deploy.zip}" />

 		<!-- remove version number in unzipped bonita-home (BOS + SP) -->
        <move todir="${bonita.home.current}">
        	<fileset dir="${bonita.home.tmp}" />
        </move>

		<move todir="${bonita.home.current}">
			<fileset dir="${build.dir}/${deploy.dir}" >
			<include name="*/bonita_home*/" />
				 </fileset>
		</move>

	</target>


	<!--
		Bonita platform management.
	-->
	<target name="configure-bonita-platform-init" if="${deploy.sp}">
			<log-step message="Configure bonita-platform-init-community-custom.properties with ${sp.edition} profiles in bonita home" />
			<replace file="${bonita.home.current}/engine-server/conf/platform-init/bonita-platform-init-community-custom.properties" token="#activeProfiles=community" value="activeProfiles=${sp.edition}"/>
	</target>

	<!--
		License management.
	-->
	<target name="copy-license" if="${deploy.sp}">
		<log-step message="Copy ${sp.edition} license to bonita home - [WARNING! license filename MUST contain hostname and edition]" />
		<exec executable="hostname" outputproperty="computer.hostname" />
		<copy todir="${bonita.home.current}/server/licenses" verbose="true">
			<fileset dir="${user.home}/lic/${sp.edition}">
				<include name="*${computer.hostname}*.lic" />
				<!--<fileset dir="${user.home}/lic">-->
			</fileset>
		</copy>
	</target>

</project>
