<?xml version="1.0" encoding="UTF-8"?>
<!DOCTYPE project>
<project name="bonita-deployer-databases">

  <description>Bonita database initialization tasks</description>

  <target name="init-h2" description="Dummy target for Jenkins matrix job automation">
    <init-h2 />
  </target>

  <target name="init-mysql" description="Initialize MySQL database">
    <init-mysql dbname="${db.database.name}" dbuser="${db.user}" dbpassword="${db.password}" />
  </target>

  <target name="init-postgres" description="Initialize PostgreSQL database">
    <init-postgres dbname="${db.database.name}" dbuser="${db.user}" dbpassword="${db.password}" />
  </target>

  <target name="init-oracle" description="Initialize Oracle database">
    <init-oracle dbname="${db.database.name}" dbuser="${db.user}" dbpassword="${db.password}" />
  </target>

  <target name="init-sqlserver-ms" description="Initialize SQL Server database (Microsoft jdbc driver)">
    <init-sqlserver-ms dbname="${db.database.name}" dbuser="${db.user}" dbpassword="${db.password}" />
  </target>

  <target name="init-sqlserver-jtds" description="Initialize SQL Server database (jTDS jdbc driver)">
    <init-sqlserver-jtds dbname="${db.database.name}" dbuser="${db.user}" dbpassword="${db.password}" />
  </target>

  <macrodef name="prepare-sql">
    <attribute name="dbvendor" />
    <attribute name="dbname" />
    <attribute name="dbuser" />
    <attribute name="dbpassword" />
    <sequential>
      <property name="sysprop.bonita.db.vendor" value="@{dbvendor}" />
      <property file="${basedir}/conf/deployer/@{dbvendor}.properties" />
      <property name="sql.file.template" value="${resources.dir}/sql/bonita-init-@{dbvendor}.sql" />
      <property name="sql.file" value="${build.dir}/sql/bonita-init-@{dbvendor}.sql" />
      <copy file="${sql.file.template}" tofile="${sql.file}" overwrite="true" verbose="true" >
        <filterchain>
          <replacetokens>
            <token key="drop_existing" value="${db.drop_existing}" />
            <token key="db_name" value="@{dbname}" />
            <token key="db_user" value="@{dbuser}" />
            <token key="db_password" value="@{dbpassword}" />
          </replacetokens>
        </filterchain>
      </copy>
      <log-step message="Initializing ${sysprop.bonita.db.vendor} | user: @{dbuser} | dbname: @{dbname} | url: ${db.url}" />
    </sequential>
  </macrodef>

  <macrodef name="init-h2">
    <sequential>
      <property name="sysprop.bonita.db.vendor" value="h2" />
      <property file="${basedir}/conf/deployer/${sysprop.bonita.db.vendor}.properties" />
      <log-step message="Initializing h2 | Nothing to do!" />
    </sequential>
  </macrodef>

  <macrodef name="init-mysql">
    <attribute name="dbname" />
    <attribute name="dbuser" />
    <attribute name="dbpassword" />
    <sequential>
      <prepare-sql dbvendor="mysql" dbname="@{dbname}" dbuser="@{dbuser}" dbpassword="@{dbpassword}" />
      <sql userid="${db.admin.user}" password="${db.admin.password}" url="${db.url}" driver="${db.driver.class}" src="${sql.file}" autocommit="true" classpathref="jdbc.classpath" />
    </sequential>
  </macrodef>

  <macrodef name="init-postgres">
    <attribute name="dbname" />
    <attribute name="dbuser" />
    <attribute name="dbpassword" />
    <sequential>
      <prepare-sql dbvendor="postgres" dbname="@{dbname}" dbuser="@{dbuser}" dbpassword="@{dbpassword}" />
      <sql userid="${db.admin.user}" password="${db.admin.password}" url="${db.url}" driver="${db.driver.class}" src="${sql.file}" autocommit="true" classpathref="jdbc.classpath" />
    </sequential>
  </macrodef>

  <macrodef name="init-oracle">
    <attribute name="dbname" />
    <attribute name="dbuser" />
    <attribute name="dbpassword" />
    <sequential>
      <prepare-sql dbvendor="oracle" dbname="@{dbname}" dbuser="@{dbuser}" dbpassword="@{dbpassword}" />
      <sql userid="${db.admin.user} as sysdba" password="${db.admin.password}" url="${db.url}" driver="${db.driver.class}" src="${sql.file}" autocommit="true" classpathref="jdbc.classpath" delimiter="/" delimitertype="row" keepformat="true" />
    </sequential>
  </macrodef>

  <macrodef name="init-sqlserver-ms">
    <attribute name="dbname" />
    <attribute name="dbuser" />
    <attribute name="dbpassword" />
    <sequential>
      <prepare-sql dbvendor="sqlserver" dbname="@{dbname}" dbuser="@{dbuser}" dbpassword="@{dbpassword}" />
      <sql userid="${db.admin.user}" password="${db.admin.password}" url="${db.url}" driver="${db.driver.class}" delimiter="GO" classpathref="jdbc.classpath">
        <transaction src="${sql.file}" />
      </sql>
    </sequential>
  </macrodef>

  <macrodef name="init-sqlserver-jtds">
    <attribute name="dbname" />
    <attribute name="dbuser" />
    <attribute name="dbpassword" />
    <sequential>
      <prepare-sql dbvendor="sqlserver-jtds" dbname="@{dbname}" dbuser="@{dbuser}" dbpassword="@{dbpassword}" />
      <sql userid="${db.admin.user}" password="${db.admin.password}" url="${db.url}" driver="${db.driver.class}" delimiter="GO" classpathref="jdbc.classpath">
        <transaction src="${sql.file}" />
      </sql>
    </sequential>
  </macrodef>

</project>
